tx_id,account_id,timestamp,bank_account,amount,counterparty,currency
TX-57c20a2d39,ACC-10005,2026-03-19T08:59:09,BA-54058573,421.51,"Watson, Smith and Morris",USD
TX-578929e86c,ACC-10005,2026-01-14T11:31:26,BA-47463522,529.96,"Lee, Rhodes and Sims",USD
TX-bcd55a23b6,ACC-10005,2026-04-09T22:00:09,BA-63643924,1020.88,Perez LLC,USD
TX-dc0cff5dc5,ACC-10005,2026-04-15T02:56:47,BA-54446182,1409.16,Anderson-Reyes,USD
TX-70df9750be,ACC-10005,2026-01-23T09:31:53,BA-45059710,271.96,"Torres, Brown and Williams",USD
TX-c6e2865dff,ACC-10006,2026-05-14T08:59:10,BA-36445607,549.51,"Oneill, Warren and Manning",USD
TX-010f0499e6,ACC-10006,2026-01-14T14:06:05,BA-99152472,1381.55,"Cunningham, Levine and Santiag",USD
TX-2c6c0e5ed9,ACC-10006,2026-05-02T00:06:52,BA-52133044,996.76,Stone-Watts,USD
TX-ae3e590e73,ACC-10006,2026-01-25T04:47:45,BA-50308572,763.15,"Davis, Stanley and Wright",USD
TX-9b362cc596,ACC-10006,2026-05-10T11:56:46,BA-64813568,492.64,Alvarado-Davidson,USD
TX-47d25cb1af,ACC-10006,2026-05-16T09:13:36,BA-49682169,833.85,Combs PLC,USD
TX-60aae830a0,ACC-10006,2026-02-07T06:02:22,BA-66431351,999.07,"Brown, Schneider and Moore",USD
TX-77ef5ac84f,ACC-10006,2026-03-15T14:56:42,BA-33357554,925.19,Christian-Booth,USD
TX-3b9ff5d368,ACC-10006,2026-02-28T10:31:41,BA-64502486,824.17,Walton LLC,USD
TX-5841b39e3d,ACC-10006,2026-01-01T01:53:30,BA-50785405,433.94,Rivera LLC,USD
TX-9a7b7c37f4,ACC-10007,2026-02-13T14:54:04,BA-36726767,225.29,"Holland, Price and Dixon",USD
TX-fc8b6d756e,ACC-10007,2026-01-09T23:22:17,BA-42862209,1475.98,"Roberts, Beck and House",USD
TX-8190e48631,ACC-10007,2026-04-29T16:44:35,BA-19774839,685.85,Butler-French,USD
TX-c8bd4ef40f,ACC-10007,2026-05-03T06:55:09,BA-87265240,295.68,"Edwards, Arnold and Smith",USD
TX-7189593080,ACC-10007,2026-05-16T05:14:45,BA-61536717,744.09,Harris-Melton,USD
TX-1287d72590,ACC-10007,2026-02-17T09:02:59,BA-29806690,985.81,Greer-Pruitt,USD
TX-1de2592be4,ACC-10009,2026-01-13T11:19:41,BA-65682626,614.36,Mitchell Inc,USD
TX-32cdfcdbb6,ACC-10009,2026-04-16T08:45:04,BA-72535301,626.58,Stewart Group,USD
TX-1028d191e0,ACC-10009,2026-02-10T03:55:05,BA-66390708,587.27,Jensen-Torres,USD
TX-cad20b507c,ACC-10009,2026-05-30T11:30:29,BA-88393811,1419.36,"Hernandez, Knight and Aguirre",USD
TX-b20a23615a,ACC-10009,2026-01-04T19:01:31,BA-87267850,573.67,Jackson-Edwards,USD
TX-ffd9451552,ACC-10017,2026-04-22T21:30:20,BA-15399803,1145.85,"Stark, Rivera and Valencia",USD
TX-bf4c5dd1bd,ACC-10017,2026-02-04T00:26:52,BA-73149551,780.85,Chavez-Johnson,USD
TX-340df7c384,ACC-10017,2026-03-27T20:56:18,BA-47333543,276.33,Rodriguez-Mendoza,USD
TX-7871d898c3,ACC-10017,2026-04-24T15:50:01,BA-68503492,954.0,Campbell LLC,USD
TX-afd615e553,ACC-10017,2026-04-06T11:36:29,BA-22246348,707.67,"Andrews, Romero and Sullivan",USD
TX-25b25e6cf8,ACC-10017,2026-03-21T07:02:24,BA-54735895,484.98,"Robles, Nguyen and Banks",USD
TX-9f4e7bc14f,ACC-10022,2026-04-25T02:16:57,BA-50151803,960.21,"Fox, Harrington and Wang",USD
TX-7ed9cfd127,ACC-10022,2026-03-24T09:25:22,BA-43567615,687.97,Johnson PLC,USD
TX-135380177d,ACC-10022,2026-02-28T15:59:20,BA-36738452,1499.06,Rhodes-Rosario,USD
TX-fb600ea0fe,ACC-10022,2026-04-04T19:54:46,BA-24314759,359.62,"Foster, Henry and Morrison",USD
TX-0c40dd7a46,ACC-10022,2026-04-22T01:21:10,BA-58178682,864.34,"Harding, Kerr and Ward",USD
TX-7efe30e442,ACC-10022,2026-05-16T18:52:36,BA-49625201,37.8,Baldwin Group,USD
TX-249473a4e7,ACC-10022,2026-05-08T19:34:23,BA-63124147,415.35,Hughes-Smith,USD
TX-c20f7cc107,ACC-10024,2026-05-27T10:36:02,BA-40281491,1290.91,Scott PLC,USD
TX-431e50a824,ACC-10024,2026-05-21T15:05:40,BA-63339667,1451.07,Sullivan Inc,USD
TX-9b472dc404,ACC-10024,2026-04-19T05:15:54,BA-59093496,140.0,Lee and Sons,USD
TX-38cad3d681,ACC-10024,2026-03-18T14:51:02,BA-11868130,400.37,Marshall-Castro,USD
TX-a39ce50551,ACC-10025,2026-05-12T00:57:58,BA-41383044,709.86,Ruiz-Gutierrez,USD
TX-818db2a811,ACC-10025,2026-05-01T07:17:51,BA-85350823,495.37,Love-Mcdowell,USD
TX-16b76a1d06,ACC-10025,2026-04-29T11:11:20,BA-39711402,973.24,Holloway Ltd,USD
TX-10f3b66e56,ACC-10030,2026-05-14T08:49:04,BA-73655158,105.36,"Glover, Torres and Russell",USD
TX-6bd262308b,ACC-10030,2026-01-17T13:49:36,BA-22513132,650.66,Mathis PLC,USD
TX-c25a2a8d22,ACC-10030,2026-05-25T14:02:09,BA-60015814,1218.6,Patton and Sons,USD
TX-a623a26db8,ACC-10030,2026-04-19T00:52:32,BA-18050510,881.77,Fernandez-Jackson,USD
TX-3b30b9a51b,ACC-10033,2026-02-26T04:55:17,BA-54039837,184.38,"Hayden, Fowler and Torres",USD
TX-85a53a3b33,ACC-10033,2026-04-07T13:59:01,BA-67801537,267.66,Garcia PLC,USD
TX-5df5cccf21,ACC-10033,2026-03-15T19:53:42,BA-81481992,1056.99,Johnson Ltd,USD
TX-6cd97c389c,ACC-10033,2026-04-08T03:23:29,BA-84990607,1250.86,"Burns, Lopez and Jones",USD
TX-c881833fd5,ACC-10033,2026-03-10T18:32:19,BA-19673809,598.62,Campbell-Hall,USD
TX-f73dc179ec,ACC-10033,2026-05-25T02:09:47,BA-15677713,657.15,"Warren, Gibson and Wood",USD
TX-7a356950e6,ACC-10042,2026-05-16T00:44:55,BA-74227366,949.45,"Ray, Smith and Cervantes",USD
TX-d1edfcde18,ACC-10042,2026-01-27T04:27:30,BA-18469210,1075.49,Turner LLC,USD
TX-e2dcb158eb,ACC-10042,2026-03-30T20:56:29,BA-14963880,443.7,"Fuentes, Martinez and Porter",USD
TX-96b042c89e,ACC-10042,2026-01-09T12:09:07,BA-36772387,1329.26,Gutierrez-Bell,USD
TX-9a6f87afa7,ACC-10042,2026-03-03T06:46:59,BA-51617680,775.5,"Simmons, Dickson and Rogers",USD
TX-6844c0d61f,ACC-10042,2026-04-16T10:42:23,BA-73538641,383.7,Ellis LLC,USD
TX-3187979676,ACC-10042,2026-05-27T06:35:24,BA-96825515,290.7,Tran and Sons,USD
TX-782f3b07d3,ACC-10042,2026-03-11T07:37:12,BA-16416148,1299.37,"Graham, Mitchell and Keller",USD
TX-ec231e684e,ACC-10042,2026-03-06T10:52:52,BA-46670512,191.09,"Kim, Campbell and Oliver",USD
TX-214a7d3c6a,ACC-10045,2026-02-26T09:11:10,BA-50259503,1277.79,Cook-Thompson,USD
TX-194b52a27d,ACC-10045,2026-05-19T05:16:15,BA-95590648,265.27,Ibarra-Jackson,USD
TX-d59aed98fe,ACC-10045,2026-03-12T04:40:32,BA-78284040,340.24,Wheeler Group,USD
TX-61c161bbf9,ACC-10045,2026-02-09T00:38:11,BA-28639738,358.92,"Smith, Marks and Kennedy",USD
TX-3aea98490b,ACC-10045,2026-04-06T22:18:32,BA-13527782,544.54,Fuentes PLC,USD
TX-2b50123047,ACC-10045,2026-04-22T03:00:21,BA-59514418,703.77,"Mooney, Conley and Fox",USD
TX-25f45ce23d,ACC-10045,2026-04-18T02:51:39,BA-27417599,919.86,Fischer Inc,USD
TX-d7eb0c8d3a,ACC-10045,2026-01-17T17:47:35,BA-18824561,467.39,Torres Ltd,USD
TX-b42f9befde,ACC-10045,2026-05-20T05:09:09,BA-74245343,790.92,Chavez-Navarro,USD
TX-025ef64435,ACC-10045,2026-05-30T08:33:59,BA-64953237,1235.89,"Scott, Tucker and Diaz",USD
TX-c774cc20a2,ACC-10046,2026-05-05T05:39:20,BA-88891300,277.03,"Gonzalez, Richards and Miller",USD
TX-7981a01ee0,ACC-10046,2026-01-26T01:20:13,BA-68065043,756.78,Johnson LLC,USD
TX-de048d3890,ACC-10046,2026-01-11T18:14:33,BA-26664623,779.56,Cain Ltd,USD
TX-37798f4f6c,ACC-10046,2026-03-01T01:19:23,BA-32099899,247.14,Henderson-Rasmussen,USD
TX-32c148e624,ACC-10046,2026-05-18T17:43:38,BA-40262109,522.3,Orozco LLC,USD
TX-2967eb84ec,ACC-10046,2026-04-11T18:14:20,BA-48124318,1269.67,"Collins, Elliott and Shelton",USD
TX-091235ecb5,ACC-10046,2026-02-18T15:54:19,BA-36347197,954.41,Brock-Taylor,USD
TX-f2d2ec8286,ACC-10046,2026-04-17T23:06:25,BA-46836194,192.13,Wright Group,USD
TX-5befd8389d,ACC-10046,2026-02-28T19:15:53,BA-92467167,802.55,"Gonzalez, Torres and Evans",USD
TX-5c1a7b9e5d,ACC-10046,2026-04-08T14:09:38,BA-96031876,257.11,"Murray, White and Patton",USD
TX-0feb72ce01,ACC-10056,2026-03-05T16:14:56,BA-21641746,604.25,Dickerson-Porter,USD
TX-5f012d975c,ACC-10056,2026-01-19T12:31:36,BA-34800912,1472.62,"Wolfe, Chambers and Scott",USD
TX-637591b657,ACC-10056,2026-04-03T17:05:50,BA-53433080,1404.06,Guerrero PLC,USD
TX-ecae2c06de,ACC-10056,2026-01-02T07:49:50,BA-45002007,578.44,Welch PLC,USD
TX-d85e6905b2,ACC-10056,2026-03-28T17:56:18,BA-45835371,1431.28,Miller-Adkins,USD
TX-2195e16fe3,ACC-10056,2026-02-28T15:10:10,BA-88176558,1085.71,"Wood, Carter and Stewart",USD
TX-365000923f,ACC-10056,2026-01-03T05:17:39,BA-45105069,982.26,"Mcdonald, Moore and Richards",USD
TX-86fc947ef6,ACC-10056,2026-05-15T12:32:08,BA-41715995,97.88,"Bell, Reynolds and Forbes",USD
TX-078a30166f,ACC-10056,2026-01-23T22:58:03,BA-72464258,463.68,Potter LLC,USD
TX-252b30711d,ACC-10056,2026-03-20T17:22:42,BA-77447155,1385.04,"Manning, Fritz and Brooks",USD
TX-8821e82ef9,ACC-10057,2026-05-28T01:30:33,BA-82144402,1203.98,"Walters, Alvarez and Gonzales",USD
TX-0e605debf4,ACC-10057,2026-02-12T09:52:18,BA-43214247,1022.11,Moore-Trujillo,USD
TX-3af82f0c23,ACC-10057,2026-04-26T16:41:47,BA-20988446,790.63,Thomas LLC,USD
TX-d29e3d0e12,ACC-10057,2026-04-13T13:27:54,BA-58557943,121.76,Scott-Perez,USD
TX-8d91844623,ACC-10057,2026-04-20T13:13:00,BA-25060409,97.33,Aguilar and Sons,USD
TX-a048c62c0b,ACC-10057,2026-04-17T08:13:49,BA-77845324,307.22,"Smith, Diaz and Romero",USD
TX-2d7ccacde4,ACC-10057,2026-04-15T05:01:03,BA-30112846,250.98,"Sullivan, Montgomery and Jacks",USD
TX-7ddc49431f,ACC-10057,2026-04-12T00:58:02,BA-69302835,178.78,Schneider-Matthews,USD
TX-f5a6c65236,ACC-10057,2026-02-09T21:14:25,BA-88268756,735.8,"Edwards, Brooks and Grimes",USD
TX-500fa9984d,ACC-10059,2026-02-27T22:28:20,BA-72143331,1011.88,"Turner, Key and Miller",USD
TX-5fe333f2e6,ACC-10059,2026-04-16T17:17:57,BA-66925500,800.24,"Patrick, Liu and Smith",USD
TX-b9fb8ff1a0,ACC-10060,2026-01-20T14:12:45,BA-89717834,55.2,Sanders PLC,USD
TX-91043b35c3,ACC-10060,2026-04-27T01:52:46,BA-16533225,370.88,Thomas Ltd,USD
TX-a9ddd93451,ACC-10060,2026-01-09T14:09:29,BA-63991141,661.25,Parsons and Sons,USD
TX-84927b02ee,ACC-10063,2026-03-19T00:26:21,BA-42122457,830.36,Rasmussen Group,USD
TX-43aad1eca5,ACC-10063,2026-05-31T14:09:23,BA-47991562,574.09,Bell PLC,USD
TX-87014fceec,ACC-10063,2026-04-14T14:59:23,BA-97069904,542.09,Colon Ltd,USD
TX-d1991461c7,ACC-10063,2026-02-20T18:57:55,BA-58270683,771.66,Rodgers-Warren,USD
TX-f263f2039e,ACC-10063,2026-04-07T13:28:48,BA-72546007,152.42,Hicks Ltd,USD
TX-7a49cad301,ACC-10066,2026-02-21T21:49:24,BA-63270536,123.13,"Johnson, Wiggins and House",USD
TX-4fbf95ede4,ACC-10066,2026-03-20T20:13:29,BA-71605634,849.68,Navarro Inc,USD
TX-b44f208145,ACC-10066,2026-05-16T09:21:24,BA-40314047,453.46,James-Conway,USD
TX-c19a509637,ACC-10066,2026-01-16T15:42:07,BA-97742922,1487.55,Price-Dominguez,USD
TX-97181372f2,ACC-10066,2026-05-07T04:43:39,BA-14252622,144.78,Terry-Rogers,USD
TX-e144fba4b3,ACC-10066,2026-03-15T15:29:54,BA-60622842,831.29,"Nash, Mueller and Russell",USD
TX-846bd08487,ACC-10066,2026-01-11T21:30:52,BA-95462880,19.13,Anderson-Reed,USD
TX-e54533c8e2,ACC-10073,2026-04-04T17:52:34,BA-24032377,446.67,Bowers Ltd,USD
TX-7d24e55edf,ACC-10073,2026-01-17T16:06:44,BA-25578562,1247.82,"Henderson, Williams and Keller",USD
TX-a770d00d14,ACC-10075,2026-02-20T22:39:19,BA-75697427,793.93,Rivera-Klein,USD
TX-75e4bd8be0,ACC-10075,2026-05-05T02:27:42,BA-52064387,897.47,"Sharp, Adams and Thomas",USD
TX-a3ef54108f,ACC-10075,2026-04-29T16:54:13,BA-62686364,882.57,Davis Group,USD
TX-d05ede79c9,ACC-10076,2026-04-10T04:36:59,BA-62138657,630.27,"Nguyen, Allen and Hernandez",USD
TX-343f4a17af,ACC-10076,2026-01-27T18:30:29,BA-87149161,578.65,Johnson Inc,USD
TX-dc8a65b8be,ACC-10076,2026-02-06T01:40:29,BA-75319770,955.07,"Golden, Hernandez and Bolton",USD
TX-648fdf2864,ACC-10076,2026-05-15T15:37:53,BA-96605343,1396.39,Hernandez Inc,USD
TX-9707e95d2c,ACC-10077,2026-01-27T12:17:52,BA-36189702,1223.75,"Sims, Conner and Wells",USD
TX-e86c18762a,ACC-10077,2026-04-20T01:09:43,BA-77838742,981.34,Hickman-Sloan,USD
TX-61b001ee29,ACC-10077,2026-03-21T10:42:15,BA-75998330,626.37,"Armstrong, Leblanc and Davenpo",USD
TX-b9154db9e6,ACC-10077,2026-03-28T04:29:56,BA-75592138,255.04,Cole LLC,USD
TX-df1581ba4f,ACC-10077,2026-04-20T18:56:41,BA-14142053,1194.84,"Phelps, Montoya and Barnett",USD
TX-ddcb398035,ACC-10077,2026-02-12T19:44:31,BA-49203644,53.88,"King, Baker and Schmidt",USD
TX-f50756068f,ACC-10077,2026-02-13T15:50:46,BA-82156607,436.56,Walker Group,USD
TX-24f53365b6,ACC-10077,2026-03-30T19:16:19,BA-85920319,1115.06,Sanders Group,USD
TX-ec17a91dd1,ACC-10077,2026-05-29T17:26:37,BA-76479831,826.84,Benjamin LLC,USD
TX-bf4176f2f1,ACC-10078,2026-04-17T02:11:26,BA-39332201,1484.71,Montes Group,USD
TX-ad1b756c0b,ACC-10078,2026-01-20T21:17:42,BA-97734330,1128.26,Anderson Inc,USD
TX-f4ac94187c,ACC-10078,2026-02-27T19:25:27,BA-14325890,677.35,"Meyer, Miranda and Watkins",USD
TX-d49d21684f,ACC-10078,2026-03-09T16:29:11,BA-21674661,661.41,Snyder-Ferrell,USD
TX-db406abf8b,ACC-10078,2026-01-23T19:03:30,BA-41802361,318.77,"Juarez, Wilson and Cochran",USD
TX-ee77ac9cb5,ACC-10078,2026-05-24T05:31:32,BA-88909809,1035.25,"Stewart, Collins and Short",USD
TX-c00339c9fa,ACC-10078,2026-05-19T00:21:12,BA-91907952,950.99,Williams-Rodriguez,USD
TX-abfead4469,ACC-10078,2026-02-02T05:31:49,BA-92698414,213.16,Ortega-Murillo,USD
TX-a772443807,ACC-10078,2026-02-10T02:55:02,BA-37775381,1209.13,"Green, Gray and Hernandez",USD
TX-f572d24002,ACC-10082,2026-01-14T06:49:16,BA-81203615,847.12,Morgan-Jones,USD
TX-2db7b467f4,ACC-10082,2026-04-29T12:17:37,BA-97244236,250.35,Peck-Dominguez,USD
TX-49155f6bfc,ACC-10082,2026-03-10T04:39:12,BA-38595818,943.98,"Carter, Stone and Russell",USD
TX-003f0aac3e,ACC-10082,2026-01-30T09:27:16,BA-65258766,926.03,"Williams, Richardson and Smith",USD
TX-873ff54a91,ACC-10084,2026-01-03T16:16:55,BA-45189912,327.54,Armstrong LLC,USD
TX-8a65eae638,ACC-10084,2026-01-12T17:48:19,BA-63415303,762.38,"Gallegos, Mueller and Mcdaniel",USD
TX-f6d8f36ee1,ACC-10084,2026-05-03T01:21:06,BA-77249653,1151.83,Hall-Simmons,USD
TX-61e305a8fe,ACC-10090,2026-01-29T19:14:20,BA-22242388,1068.18,Wright-Bright,USD
TX-256d6b3ff2,ACC-10090,2026-03-11T01:52:53,BA-63183031,772.62,Stewart and Sons,USD
TX-8f1e9c3484,ACC-10090,2026-05-12T11:54:11,BA-50109721,393.95,Scott PLC,USD
TX-e3d19c1c20,ACC-10090,2026-02-03T18:16:56,BA-14171767,1428.38,"Johnson, Lawrence and Lucas",USD
TX-c1e70ec017,ACC-10090,2026-03-29T19:24:36,BA-84618850,1123.38,"Underwood, Noble and Foster",USD
TX-cbd99750c4,ACC-10090,2026-02-18T12:23:51,BA-22713811,695.75,"Rice, Vasquez and Walker",USD
TX-79914c29b9,ACC-10090,2026-01-28T03:28:58,BA-26301180,22.88,Gonzalez PLC,USD
TX-cd0fbfd6fd,ACC-10092,2026-04-17T22:23:42,BA-74294443,96.16,Mccormick-Baker,USD
TX-416aabb0d6,ACC-10092,2026-02-24T07:51:02,BA-61407440,210.17,Wilkins LLC,USD
TX-add7d8cdac,ACC-10092,2026-02-08T17:32:26,BA-96255361,1327.56,Henderson-Diaz,USD
TX-2143d7b17a,ACC-10092,2026-04-13T02:28:16,BA-43440045,947.98,Morgan-Stafford,USD
TX-82fcc47762,ACC-10092,2026-04-16T13:37:25,BA-12621269,1484.16,"Hayes, Benton and Tate",USD
TX-679f09fc9a,ACC-10092,2026-05-19T12:32:53,BA-58199211,722.13,Lee PLC,USD
TX-16594b581e,ACC-10092,2026-04-05T02:46:12,BA-56175477,1369.45,"Johnson, Anderson and Vincent",USD
TX-85ff28d9c8,ACC-10092,2026-04-08T13:19:20,BA-53165014,585.63,Scott-Sullivan,USD
TX-d62decce44,ACC-10093,2026-01-31T23:54:19,BA-23439803,375.55,"Potter, Gordon and Johns",USD
TX-c3b041780a,ACC-10093,2026-02-16T19:51:12,BA-45772648,802.87,Robles-Whitney,USD
TX-2d8bb768df,ACC-10093,2026-05-24T02:56:57,BA-17503932,1147.25,Williams-Lowe,USD
TX-d064db8a3f,ACC-10093,2026-02-12T14:31:55,BA-87268086,1270.53,Scott-Delgado,USD
TX-eacd0b6430,ACC-10093,2026-03-17T10:10:48,BA-57621071,1403.13,Pearson-Morgan,USD
TX-a0cfa2dc3d,ACC-10097,2026-05-18T16:01:12,BA-99929175,960.46,Barrera-Nguyen,USD
TX-9d7ccad1e5,ACC-10097,2026-03-07T04:42:21,BA-69945655,22.04,Snyder Ltd,USD
TX-c242182735,ACC-10097,2026-02-10T17:11:58,BA-43492807,1041.3,Cross-Wade,USD
TX-921be2401d,ACC-10104,2026-03-11T23:28:10,BA-36724061,414.6,Stanley and Sons,USD
TX-eda73d77ca,ACC-10104,2026-04-01T03:24:53,BA-77796914,598.43,Williams-Brooks,USD
TX-d0e7d171d6,ACC-10108,2026-04-13T21:13:35,BA-50044631,622.6,Wilson LLC,USD
TX-3085ab241d,ACC-10108,2026-01-30T06:40:42,BA-28436852,1488.56,"Harper, Brennan and Taylor",USD
TX-5ecdfc0361,ACC-10108,2026-03-08T12:57:26,BA-64920799,1480.85,Tate-Lopez,USD
TX-22c1c3442f,ACC-10108,2026-03-30T20:26:14,BA-29223220,477.99,Martinez Inc,USD
TX-441ccb9d60,ACC-10108,2026-05-19T23:15:24,BA-34207075,1169.52,Young-Frederick,USD
TX-eae1bd1488,ACC-10108,2026-04-05T16:17:29,BA-54644768,948.39,"Keller, Gonzales and Johnson",USD
TX-117a09f02a,ACC-10108,2026-02-04T08:03:38,BA-52065724,953.58,Parker-Lester,USD
TX-9d826b3260,ACC-10108,2026-01-01T21:57:59,BA-70673557,413.92,Weaver-Cohen,USD
TX-86cdda73a9,ACC-10109,2026-03-16T10:23:02,BA-10626681,61.4,Petersen PLC,USD
TX-9f51b05b5b,ACC-10109,2026-02-08T17:20:15,BA-60076822,1425.35,"Baird, Simmons and Johnson",USD
TX-c54d31502c,ACC-10109,2026-03-04T13:37:19,BA-81274148,289.91,Hunter-Preston,USD
TX-0990d3df11,ACC-10109,2026-05-12T09:52:29,BA-10553491,941.9,"Jones, Bauer and Castillo",USD
TX-b320f95786,ACC-10109,2026-02-18T07:35:59,BA-40368869,1041.82,Gonzalez-Mitchell,USD
TX-337302ec60,ACC-10109,2026-03-08T20:47:10,BA-51888314,197.75,"Graham, Stewart and Brown",USD
TX-603ba77b88,ACC-10109,2026-03-16T11:28:29,BA-77556678,885.06,Martinez Ltd,USD
TX-68e43cfd71,ACC-10109,2026-02-02T10:22:13,BA-18762675,1236.65,Ortiz-Decker,USD
TX-408c63a638,ACC-10109,2026-02-27T21:43:23,BA-49034245,686.61,House Ltd,USD
TX-f248085b4d,ACC-10111,2026-01-24T23:59:41,BA-83454998,382.84,Henderson PLC,USD
TX-460c61aaac,ACC-10111,2026-05-17T06:56:34,BA-30552371,312.21,Baker LLC,USD
TX-a299266c25,ACC-10111,2026-05-14T03:46:48,BA-94598956,18.91,"Nelson, Wilson and Fischer",USD
TX-42c817680a,ACC-10111,2026-03-23T17:24:11,BA-98807116,155.96,Vargas and Sons,USD
TX-eaaeca8d25,ACC-10111,2026-04-12T00:49:00,BA-46235719,936.08,Johnston PLC,USD
TX-5779a6b188,ACC-10111,2026-05-17T01:37:17,BA-28409776,631.14,Barnes Group,USD
TX-7ba597c3c8,ACC-10111,2026-01-21T08:56:08,BA-78663747,1079.56,Neal-Valencia,USD
TX-65ca2fbd38,ACC-10111,2026-01-23T20:40:58,BA-47944260,175.45,"Dalton, Sims and Holt",USD
TX-c7335b42bc,ACC-10113,2026-01-19T10:43:29,BA-16159129,19.46,Lewis PLC,USD
TX-a6f9b3c836,ACC-10113,2026-01-27T20:57:53,BA-99034004,972.56,Campos-Thomas,USD
TX-39c6a3575d,ACC-10113,2026-03-05T19:40:13,BA-57986515,1342.32,"Sloan, Beck and Smith",USD
TX-b5aa3c2840,ACC-10119,2026-05-11T22:12:08,BA-81659221,432.46,"Lee, Rodgers and Jackson",USD
TX-f532870c8b,ACC-10119,2026-03-24T00:27:47,BA-11714029,786.48,Lyons-Page,USD
TX-65af9becec,ACC-10119,2026-01-05T21:46:36,BA-61119548,222.26,Taylor-Kramer,USD
TX-077f6fefde,ACC-10119,2026-05-11T03:36:39,BA-17597364,303.85,Singh LLC,USD
TX-ca1389383c,ACC-10119,2026-05-26T16:06:56,BA-31600382,1475.38,Olson-Barrett,USD
TX-0296492156,ACC-10119,2026-05-13T16:49:47,BA-43629729,223.91,Cox and Sons,USD
TX-f860197551,ACC-10119,2026-01-13T01:05:38,BA-49613096,309.98,"Golden, Mclaughlin and Miller",USD
TX-7a617f6729,ACC-10119,2026-04-16T02:02:41,BA-14336089,541.23,"Myers, Peters and Thompson",USD
TX-f87e2bf69c,ACC-10126,2026-03-03T10:13:09,BA-67486445,257.12,Howell Ltd,USD
TX-be3251e8de,ACC-10126,2026-03-02T19:41:12,BA-43041067,1179.56,Walker PLC,USD
TX-a21e58305a,ACC-10126,2026-05-19T07:05:18,BA-96011893,657.01,Pearson-Williams,USD
TX-c6b7d55958,ACC-10126,2026-03-11T19:19:34,BA-28026223,1020.97,Parks Inc,USD
TX-0ca2c42ea2,ACC-10126,2026-03-06T09:11:43,BA-74418331,696.96,"Davis, Barker and Smith",USD
TX-49d0123412,ACC-10126,2026-03-11T15:51:25,BA-50999730,733.02,Jensen-Perez,USD
TX-77fc62c51a,ACC-10126,2026-01-22T03:11:48,BA-33591471,970.1,Black LLC,USD
TX-07c37b3cff,ACC-10129,2026-04-08T10:43:47,BA-28652010,662.65,"Stewart, Fisher and Murphy",USD
TX-cc4d96ad00,ACC-10129,2026-02-14T15:50:04,BA-20346606,774.24,"Mendez, Atkins and Logan",USD
TX-a1c816070b,ACC-10144,2026-03-08T18:37:11,BA-48488577,706.45,"Chan, Jenkins and Perry",USD
TX-df167da604,ACC-10144,2026-01-02T14:45:37,BA-76025948,1420.7,Young PLC,USD
TX-cadf186dde,ACC-10144,2026-04-03T15:17:37,BA-50213043,18.65,"Contreras, Miller and Mays",USD
TX-1c89c1ac3c,ACC-10144,2026-03-25T13:58:26,BA-49315407,897.52,Mooney-Rodgers,USD
TX-eb849cdcf1,ACC-10148,2026-05-28T11:48:24,BA-93903841,94.78,"Luna, Henderson and Smith",USD
TX-b5c1140f79,ACC-10148,2026-03-11T00:49:56,BA-96513378,235.11,Cruz Ltd,USD
TX-bb98b7d3fc,ACC-10148,2026-04-15T03:35:15,BA-24413864,193.11,Green-Tanner,USD
TX-6448995a49,ACC-10148,2026-02-15T04:20:32,BA-52512063,1472.61,"White, Mitchell and Clark",USD
TX-d9a5588db4,ACC-10148,2026-05-06T04:16:04,BA-56616197,1209.26,Bishop-Bowman,USD
TX-3590784d47,ACC-10148,2026-03-27T04:34:41,BA-35899364,36.92,Johnston-Murphy,USD
TX-7fea1ff618,ACC-10148,2026-03-15T08:31:51,BA-58072427,1087.98,Nguyen-Blankenship,USD
TX-59fd1a8c3d,ACC-10152,2026-04-17T19:01:29,BA-63896091,759.52,Hawkins Inc,USD
TX-3172bc8949,ACC-10152,2026-05-08T16:19:14,BA-31230084,803.18,Bishop Inc,USD
TX-4bc03ca2a2,ACC-10152,2026-04-27T11:48:35,BA-69460086,1400.61,Cook-Santana,USD
TX-8d7fba32eb,ACC-10152,2026-03-03T04:43:43,BA-83830667,1487.24,Rivera PLC,USD
TX-f70f2cdbec,ACC-10157,2026-02-08T18:36:01,BA-60173377,238.21,Carlson-Mcdonald,USD
TX-e64a82dbbb,ACC-10157,2026-05-22T10:59:39,BA-21517819,173.0,"Harris, Cunningham and Bryan",USD
TX-cf99749227,ACC-10157,2026-01-11T14:09:56,BA-42621391,1423.67,Bennett Group,USD
TX-79ebc74faa,ACC-10157,2026-01-29T16:13:30,BA-48612439,25.53,Lawrence-Suarez,USD
TX-a20624fac2,ACC-10157,2026-05-15T17:19:12,BA-24935479,461.15,Jones-Floyd,USD
TX-2f4598b3a7,ACC-10164,2026-05-22T03:28:39,BA-78674708,920.05,"Martinez, Gilmore and Martinez",USD
TX-c75aa55141,ACC-10164,2026-02-01T01:11:11,BA-60825385,827.77,Morgan Group,USD
TX-ace69de7ca,ACC-10164,2026-01-09T12:37:01,BA-32935793,1368.82,"Cain, Grant and Lopez",USD
TX-90e858b31f,ACC-10164,2026-04-20T19:22:54,BA-98520663,1294.7,Christensen-Long,USD
TX-eb7d0d0335,ACC-10164,2026-02-01T11:33:10,BA-29408873,272.41,Clark-Watkins,USD
TX-9a0c91a407,ACC-10164,2026-05-19T06:22:54,BA-16886777,632.27,"Carlson, Smith and Mcmillan",USD
TX-e347d5438f,ACC-10164,2026-03-02T02:27:35,BA-69895766,436.73,"Rowland, Brewer and Ward",USD
TX-eb5ea3383b,ACC-10164,2026-02-05T02:06:16,BA-25777827,1348.32,Bradford and Sons,USD
TX-ede6663ee5,ACC-10165,2026-03-30T02:34:28,BA-65049584,665.6,Reeves LLC,USD
TX-f4de17490d,ACC-10165,2026-04-27T17:52:20,BA-90544341,14.83,Mckay-Mcdonald,USD
TX-32647cf2f5,ACC-10165,2026-04-17T06:47:48,BA-47327686,931.55,Gutierrez Ltd,USD
TX-21b66e6a2a,ACC-10165,2026-04-19T06:21:54,BA-37868647,78.13,Foster-Johnson,USD
TX-d98f841a48,ACC-10165,2026-01-29T18:55:25,BA-17390556,981.65,Lee PLC,USD
TX-09a23b3ea4,ACC-10165,2026-01-08T03:07:57,BA-29511823,1281.47,Jones-Hogan,USD
TX-ac4547143e,ACC-10165,2026-05-10T12:25:45,BA-87590290,1257.83,Dean LLC,USD
TX-e08637055b,ACC-10165,2026-02-27T22:50:18,BA-54440977,1380.98,"Harvey, Bradley and Burns",USD
TX-20f424b32a,ACC-10165,2026-01-10T12:30:09,BA-24614652,628.35,Griffith PLC,USD
TX-2d33f75899,ACC-10173,2026-04-17T09:37:39,BA-31343341,1460.97,"Smith, Wilson and Cardenas",USD
TX-b9ba8851f5,ACC-10173,2026-03-16T12:42:51,BA-18866414,514.37,Bryant and Sons,USD
TX-79f7e9ba8f,ACC-10173,2026-05-15T18:33:12,BA-89318677,649.57,Powell-Smith,USD
TX-0cf2d361c4,ACC-10173,2026-03-26T12:53:43,BA-86129797,1182.05,"Rios, Henry and Dixon",USD
TX-609df21e9e,ACC-10173,2026-04-16T17:40:45,BA-41696096,263.76,Jones-Flores,USD
TX-e8cadb8ccc,ACC-10175,2026-05-13T08:05:54,BA-52493026,453.1,Bowen and Sons,USD
TX-d145d60d7c,ACC-10175,2026-05-12T22:58:26,BA-50876026,1378.16,Hines and Sons,USD
TX-229a912c0e,ACC-10175,2026-03-26T09:58:29,BA-56206415,1485.48,Cisneros-Baker,USD
TX-fd4c9b2ec4,ACC-10175,2026-04-24T03:42:16,BA-11089747,919.18,Jordan-Rubio,USD
TX-9a36259d48,ACC-10175,2026-04-10T02:44:51,BA-64250458,1272.22,Scott PLC,USD
TX-a837fba356,ACC-10180,2026-01-29T04:04:34,BA-89932574,1401.24,"Hart, Fowler and Williams",USD
TX-12f40f2376,ACC-10180,2026-01-30T22:23:32,BA-76565050,1130.38,Martinez-Boyd,USD
TX-2c12267a98,ACC-10180,2026-03-22T04:28:35,BA-61427803,360.73,Lewis LLC,USD
TX-49b574ea9d,ACC-10182,2026-03-02T19:56:35,BA-83499313,20.81,Dean-Knight,USD
TX-8fed20b3e6,ACC-10182,2026-01-02T15:30:06,BA-19120357,22.88,"Santana, Holmes and Shaw",USD
TX-9ffafa0234,ACC-10182,2026-01-19T23:18:33,BA-80499776,160.34,"Smith, Williams and Becker",USD
TX-8364a2189a,ACC-10182,2026-03-28T14:14:28,BA-57179735,333.03,Hernandez-Collins,USD
TX-fc7099d66a,ACC-10185,2026-05-31T22:11:15,BA-69845276,33.05,Shields PLC,USD
TX-429946c394,ACC-10185,2026-04-07T15:27:23,BA-29978882,981.03,Davis-Peck,USD
TX-b83a0e4ffd,ACC-10185,2026-01-01T04:02:36,BA-15078212,998.59,Petersen-Padilla,USD
TX-5ceee867cb,ACC-10185,2026-02-21T17:41:02,BA-30348410,1051.58,Collins Ltd,USD
TX-0e3ce5ee8b,ACC-10185,2026-03-17T23:43:54,BA-87126909,10.54,"Morrison, Sosa and Cooper",USD
TX-5282722b1a,ACC-10185,2026-05-18T09:40:52,BA-75857881,719.82,Walker-Stanley,USD
TX-0da5b02c30,ACC-10186,2026-03-12T22:40:45,BA-81756326,1280.75,"Smith, Hall and Robinson",USD
TX-3c9c3b7bc1,ACC-10186,2026-03-08T00:48:26,BA-20798726,1262.57,"Ferguson, Buckley and Carpente",USD
TX-c801acbbea,ACC-10186,2026-05-28T15:58:05,BA-48917593,973.45,Griffith Inc,USD
TX-8c19377e65,ACC-10192,2026-02-27T07:33:08,BA-91018650,239.4,"Anderson, Benjamin and Garcia",USD
TX-6cfa833879,ACC-10192,2026-05-04T21:17:30,BA-92077910,1358.84,Simmons-Douglas,USD
TX-79702e368e,ACC-10192,2026-04-23T06:14:28,BA-84189605,1283.23,"Greene, Morales and Hamilton",USD
TX-ecb541a3e3,ACC-10192,2026-01-17T18:59:58,BA-65256920,1286.18,Cole-Reid,USD
TX-ef815afa80,ACC-10192,2026-04-05T23:53:58,BA-39050434,889.41,"Cox, Dominguez and Hart",USD
TX-0f2beeb12c,ACC-10193,2026-04-04T01:33:25,BA-23153230,681.4,Thomas-Tucker,USD
TX-e4e6dee942,ACC-10193,2026-02-16T16:51:53,BA-21152355,839.94,"Watkins, Green and Lee",USD
TX-88bd86f617,ACC-10193,2026-01-03T09:53:43,BA-64575354,1425.15,Skinner-Hernandez,USD
TX-94cc238070,ACC-10193,2026-01-26T18:28:57,BA-58104396,447.21,Rodriguez PLC,USD
TX-ba789bbc07,ACC-10193,2026-05-06T18:13:19,BA-22177508,28.82,Wagner Ltd,USD
TX-4654687976,ACC-10193,2026-05-10T21:55:54,BA-50914476,246.9,"Perry, English and Dean",USD
TX-2b98438e85,ACC-10193,2026-03-31T04:24:47,BA-86555214,1122.19,Lewis and Sons,USD
TX-cb2ed79820,ACC-10193,2026-01-05T17:46:30,BA-71047698,698.32,"Willis, Wood and Maddox",USD
TX-eab8c115d8,ACC-10196,2026-03-10T11:45:19,BA-45884163,757.83,Madden Group,USD
TX-e8c9182d85,ACC-10196,2026-03-24T02:59:33,BA-47197817,86.42,Morales LLC,USD
TX-88d46e9548,ACC-10196,2026-03-14T09:26:17,BA-56335527,681.35,"Jacobs, Bender and Rogers",USD
TX-bff6955b89,ACC-10196,2026-04-08T08:55:36,BA-80690141,1245.19,King Group,USD
TX-13365f2e9a,ACC-10196,2026-04-02T07:07:20,BA-81391010,1019.07,Crawford and Sons,USD
TX-2ef768afdb,ACC-10196,2026-04-14T11:17:11,BA-49227057,680.71,Young and Sons,USD
TX-ff1d3aa008,ACC-10196,2026-03-13T11:41:02,BA-18808386,286.59,Cline-Tucker,USD
TX-301e7ac29b,ACC-10203,2026-03-03T09:38:50,BA-50409241,410.83,Ochoa-Sharp,USD
TX-135757284e,ACC-10203,2026-05-16T12:45:51,BA-58656970,148.27,Barker-Hernandez,USD
TX-afd887aad2,ACC-10203,2026-04-23T15:12:47,BA-57194894,1235.86,Myers Group,USD
TX-2042f2d506,ACC-10203,2026-01-03T12:06:26,BA-28381043,779.67,Robinson-Conner,USD
TX-2da9dc3375,ACC-10203,2026-03-14T10:22:19,BA-75082045,620.93,"Lewis, Gregory and Johnson",USD
TX-9ef5ba1961,ACC-10203,2026-02-01T15:46:15,BA-23746292,330.72,Roberts Ltd,USD
TX-db7692ea2d,ACC-10203,2026-04-08T17:56:03,BA-39677351,1248.2,Reyes LLC,USD
TX-5e81e2201f,ACC-10211,2026-02-21T18:32:02,BA-12738346,1045.46,"Wright, Gutierrez and Walker",USD
TX-365deffc13,ACC-10211,2026-04-25T04:13:42,BA-12984525,1478.72,Smith-Freeman,USD
TX-2cbec91819,ACC-10211,2026-03-15T08:23:05,BA-86551556,588.5,"Anderson, Jennings and Miller",USD
TX-8095cebd20,ACC-10211,2026-04-22T04:13:24,BA-23116517,1213.45,Bell-Morris,USD
TX-273946f4a3,ACC-10211,2026-01-20T10:17:52,BA-37636546,507.27,Freeman LLC,USD
TX-0fe016662a,ACC-10211,2026-04-08T15:04:16,BA-99575241,512.61,"White, Shaw and Dorsey",USD
TX-ee746ff870,ACC-10211,2026-04-30T09:18:20,BA-50201014,548.18,Booth PLC,USD
TX-c894aad14e,ACC-10211,2026-03-26T15:51:57,BA-37079584,747.94,Burns-Nolan,USD
TX-a801ebd14e,ACC-10215,2026-03-19T01:39:53,BA-28865664,357.88,Kelly Ltd,USD
TX-e99d311bfa,ACC-10215,2026-04-21T20:55:43,BA-77142220,1399.74,Kaufman-Phillips,USD
TX-d068abd46c,ACC-10215,2026-04-12T08:29:54,BA-99149714,1244.33,"Schmidt, Bird and Morris",USD
TX-c364797106,ACC-10218,2026-05-19T13:26:56,BA-97131540,1145.93,Powers Ltd,USD
TX-cea7cd3375,ACC-10218,2026-04-26T08:18:56,BA-65071708,1190.0,Chase-Johnson,USD
TX-0168a3ba92,ACC-10218,2026-03-04T00:30:28,BA-70597948,720.16,"Cisneros, Williams and Bird",USD
TX-adf9ba5893,ACC-10218,2026-05-23T18:09:01,BA-27919382,394.72,Ferguson-Morrison,USD
TX-1c7393ff9d,ACC-10218,2026-05-14T11:49:40,BA-89593852,1241.02,Carson-Price,USD
TX-be472ac978,ACC-10218,2026-02-24T17:16:14,BA-36664193,131.18,Andrews-Bautista,USD
TX-d68f46bb8d,ACC-10218,2026-03-13T09:08:17,BA-34412762,593.27,Lynch Inc,USD
TX-e1b93d0553,ACC-10218,2026-03-15T06:26:19,BA-86556525,340.61,Alvarado Ltd,USD
TX-28d77a82d9,ACC-10218,2026-01-05T11:02:54,BA-84964625,972.42,Smith-Harrison,USD
TX-23e7d5eb68,ACC-10218,2026-05-02T16:17:42,BA-40696566,1360.73,Weaver-Sweeney,USD
TX-23a2d77f77,ACC-10221,2026-05-26T05:06:34,BA-58397866,1389.72,Schmidt PLC,USD
TX-5f63e30bd8,ACC-10221,2026-02-24T22:31:42,BA-45328305,921.33,Dawson-Ferguson,USD
TX-e99ad510bc,ACC-10221,2026-05-28T21:08:42,BA-45400991,777.87,"Collier, Marks and Thompson",USD
TX-890b580d9b,ACC-10221,2026-03-26T14:51:37,BA-32143753,476.74,Chang Ltd,USD
TX-0be0b58033,ACC-10221,2026-04-06T09:30:23,BA-30302410,835.73,Murray-Mccullough,USD
TX-9f12e47a6f,ACC-10221,2026-05-08T15:47:48,BA-95450010,1198.34,"Holt, Matthews and Castro",USD
TX-7ad2839ed5,ACC-10226,2026-05-02T03:10:01,BA-45577682,515.29,Chen-Wilkinson,USD
TX-6320b044ed,ACC-10226,2026-02-06T08:22:36,BA-38329117,281.71,Turner Ltd,USD
TX-6e2a88f96d,ACC-10226,2026-05-26T01:24:32,BA-91074604,392.68,"Bennett, Rodgers and Williams",USD
TX-51212dfff7,ACC-10226,2026-05-11T18:18:44,BA-24271459,653.53,"Shaw, West and Jones",USD
TX-554c970750,ACC-10226,2026-01-04T11:29:27,BA-10784780,595.43,Farley PLC,USD
TX-11321259e6,ACC-10226,2026-01-03T14:00:14,BA-33049928,985.42,Clay Group,USD
TX-f9ebfcd2bb,ACC-10226,2026-03-31T08:30:54,BA-64370473,1303.83,"Bartlett, Garcia and Barry",USD
TX-6fade6b65b,ACC-10226,2026-05-25T12:26:29,BA-90783964,1090.24,Hodge PLC,USD
TX-292d983712,ACC-10226,2026-02-28T19:09:00,BA-93013580,1220.63,James-Rodriguez,USD
TX-c504a0df98,ACC-10229,2026-02-26T23:18:55,BA-62394739,1439.91,Farley Inc,USD
TX-9b5a287e6e,ACC-10229,2026-05-11T16:54:26,BA-97577092,1103.2,"Coleman, Haney and Carter",USD
TX-fa38d53660,ACC-10229,2026-04-02T17:11:35,BA-31746728,934.65,"Jones, Miller and Knapp",USD
TX-89aeaf6d28,ACC-10229,2026-02-24T20:20:45,BA-21568480,1002.25,Ross-Walker,USD
TX-212e3da1d7,ACC-10230,2026-03-11T16:04:02,BA-45005058,538.78,"Hernandez, Jones and Adams",USD
TX-2e106da1ed,ACC-10230,2026-01-31T19:09:18,BA-33449822,1242.78,"Hernandez, Sanders and William",USD
TX-9429596d29,ACC-10231,2026-03-30T18:24:23,BA-24888885,1462.12,Marshall LLC,USD
TX-da892f0a3a,ACC-10231,2026-04-29T13:28:27,BA-91826622,1174.32,Carrillo-Garcia,USD
TX-cac5267270,ACC-10231,2026-01-20T18:44:22,BA-85493830,67.74,Robinson Inc,USD
TX-f3c4152ea9,ACC-10231,2026-01-21T11:15:04,BA-32420574,946.74,Ingram-James,USD
TX-908167d6ea,ACC-10231,2026-02-09T21:10:09,BA-58538289,239.76,Becker-Snyder,USD
TX-5736dd7d66,ACC-10231,2026-02-26T17:23:30,BA-69259530,1144.14,"Wu, Wolfe and Lewis",USD
TX-de50a9f696,ACC-10231,2026-04-07T18:40:13,BA-23327047,235.67,Davis PLC,USD
TX-a2de2a44b5,ACC-10231,2026-03-12T15:08:12,BA-54910261,1229.65,Higgins Ltd,USD
TX-5463ceff1b,ACC-10231,2026-01-24T21:08:40,BA-37097261,661.47,Duarte PLC,USD
TX-947f765386,ACC-10232,2026-01-27T19:06:00,BA-67555628,623.05,Williams LLC,USD
TX-8f24ecf5ed,ACC-10232,2026-03-21T11:31:10,BA-71572793,1428.0,Johnson Ltd,USD
TX-4f42f16ca9,ACC-10232,2026-04-11T05:27:28,BA-58556533,1415.89,Scott-Howard,USD
TX-355925e5d2,ACC-10232,2026-03-27T22:33:58,BA-29539994,1156.38,"Murray, Rice and Clark",USD
TX-97368bdbeb,ACC-10232,2026-05-20T08:22:41,BA-79437366,1415.75,"Faulkner, Pacheco and Bell",USD
TX-25bb5aa92c,ACC-10233,2026-04-22T13:37:51,BA-17759103,1466.71,Juarez-Schneider,USD
TX-5b2e49a020,ACC-10233,2026-05-19T12:32:34,BA-98632237,1314.34,"Orr, White and Vega",USD
TX-4aa292f953,ACC-10233,2026-02-27T10:10:32,BA-66278204,605.99,David PLC,USD
TX-4c76edba19,ACC-10233,2026-05-13T05:05:14,BA-84304333,1310.95,Lopez Inc,USD
TX-134fe3aa36,ACC-10234,2026-05-31T13:37:38,BA-36480587,1322.06,Jennings and Sons,USD
TX-fafde53c4d,ACC-10234,2026-01-17T08:46:39,BA-14962052,808.46,Mcfarland-Harrison,USD
TX-0a714d2958,ACC-10234,2026-03-17T17:30:05,BA-26912191,783.1,"Weber, Dominguez and Thomas",USD
TX-db442bd33f,ACC-10234,2026-04-16T00:15:54,BA-48108152,324.53,Armstrong-Chambers,USD
TX-dc5d10e768,ACC-10234,2026-04-10T08:33:45,BA-84059443,471.82,"Jimenez, Arroyo and Peters",USD
TX-5c93504b96,ACC-10234,2026-03-08T03:49:06,BA-95320264,244.24,Skinner-Boyer,USD
TX-72ec685b54,ACC-10234,2026-01-06T09:58:57,BA-82468532,890.79,"Keith, Haas and Montoya",USD
TX-64b8721f9d,ACC-10234,2026-02-16T20:43:29,BA-50794416,1091.13,Young Group,USD
TX-cde46265fa,ACC-10237,2026-02-25T01:07:23,BA-38934853,278.7,"Horton, Lynn and Crawford",USD
TX-8f4fdfdad4,ACC-10237,2026-05-24T15:04:01,BA-75604774,8.12,Reyes PLC,USD
TX-1c347c51d6,ACC-10237,2026-04-17T07:42:31,BA-56794869,106.01,"Sanchez, Watson and Robles",USD
TX-a4a511cf7e,ACC-10237,2026-01-09T16:14:07,BA-66045988,724.36,Campbell-Stephenson,USD
TX-68d5ebdb4a,ACC-10237,2026-03-02T03:18:55,BA-85935555,681.3,Reid LLC,USD
TX-cf3dc56eed,ACC-10237,2026-03-07T14:22:13,BA-60641104,715.47,"Spencer, Sanchez and Baker",USD
TX-fead8baa0c,ACC-10238,2026-04-19T22:39:22,BA-96591866,190.05,"Parsons, Byrd and Carlson",USD
TX-498d4fea6d,ACC-10238,2026-04-19T14:46:23,BA-21428912,292.68,Welch Inc,USD
TX-4900a38b8d,ACC-10238,2026-05-01T03:22:11,BA-82723772,867.4,"Carr, Hartman and Holder",USD
TX-a5e733bd5b,ACC-10238,2026-01-11T06:24:44,BA-86536905,785.02,Smith-Martinez,USD
TX-9db4cf5328,ACC-10238,2026-05-26T17:51:23,BA-73865585,756.45,"Brown, Lewis and Hansen",USD
TX-610a73b2fa,ACC-10238,2026-01-04T14:58:51,BA-26144134,989.09,Williamson LLC,USD
TX-a5774f6a5c,ACC-10239,2026-04-16T04:52:27,BA-32569515,431.6,May-Williams,USD
TX-a937023da5,ACC-10239,2026-02-05T11:17:56,BA-44299947,1153.62,Gonzalez-Pearson,USD
TX-a7e46d8167,ACC-10239,2026-01-30T22:45:05,BA-51177222,1428.49,Mccarthy PLC,USD
TX-03d41447fa,ACC-10249,2026-04-09T11:17:38,BA-85088096,1288.76,"Ellis, Guzman and Good",USD
TX-2222a5be99,ACC-10249,2026-03-23T22:56:50,BA-56146216,297.13,Mata-Malone,USD
TX-50b0df37ef,ACC-10249,2026-02-08T21:48:02,BA-95973808,1363.21,Mayer-Ramirez,USD
TX-d7f6d1509c,ACC-10249,2026-01-14T06:47:04,BA-55842323,288.09,Garza-Mcneil,USD
TX-d357001b24,ACC-10249,2026-04-03T09:02:22,BA-72733686,901.64,Preston and Sons,USD
TX-ac6a51f9d1,ACC-10250,2026-05-23T15:25:10,BA-54495204,1211.87,Potter Ltd,USD
TX-bedb8a89f5,ACC-10250,2026-03-14T23:52:33,BA-37557095,603.47,Campbell Group,USD
TX-942949e5ba,ACC-10250,2026-01-02T07:20:33,BA-58696493,19.79,"Lopez, Rose and Jackson",USD
TX-98699f180d,ACC-10250,2026-03-11T11:52:21,BA-14028892,834.26,Mcdonald LLC,USD
TX-15460092a2,ACC-10250,2026-01-28T15:38:28,BA-49000479,663.41,"Gray, Pennington and Cain",USD
TX-f82e5f3916,ACC-10250,2026-05-03T14:13:56,BA-88609496,1369.5,Robinson-Stokes,USD
TX-f5ec0c3815,ACC-10250,2026-03-11T21:17:55,BA-15892805,1463.09,Miller PLC,USD
TX-46ee87082f,ACC-10250,2026-02-08T15:58:47,BA-36551621,429.73,Norris PLC,USD
TX-27cdc4f0ba,ACC-10250,2026-02-12T12:21:28,BA-45164890,1079.66,Lee and Sons,USD
TX-d12e0287f0,ACC-10256,2026-01-06T05:04:35,BA-35057390,302.5,"Moran, Silva and Garrett",USD
TX-97c7ad4ab1,ACC-10256,2026-03-16T22:23:48,BA-48093356,312.81,"Summers, Webb and Campbell",USD
TX-4fcb95d7a6,ACC-10256,2026-02-26T12:39:00,BA-98525972,788.97,"Castaneda, Edwards and Robinso",USD
TX-2fc4c1cfc3,ACC-10256,2026-03-30T06:53:10,BA-17711235,556.14,Medina LLC,USD
TX-d8e40ed5f2,ACC-10256,2026-01-03T03:28:59,BA-33062057,493.52,Franco-Lee,USD
TX-3a4897622c,ACC-10256,2026-03-21T18:45:07,BA-62493261,239.77,Johnson PLC,USD
TX-2e198ec9e4,ACC-10256,2026-01-22T12:06:15,BA-27332564,807.0,"Thompson, Cobb and Allison",USD
TX-d6282d24ad,ACC-10256,2026-04-03T20:48:42,BA-19229212,586.54,Johnson Group,USD
TX-9bc53c9059,ACC-10256,2026-02-10T02:15:54,BA-27439215,1306.32,Bailey-Green,USD
TX-0ff5ccbecf,ACC-10266,2026-01-01T19:28:58,BA-11722586,1293.17,"Gallegos, Bell and Cherry",USD
TX-4663c37f80,ACC-10266,2026-05-22T19:45:52,BA-60232033,739.72,Vance-Reilly,USD
TX-71b4691773,ACC-10266,2026-03-22T17:51:44,BA-62968985,1455.89,Marsh-Richards,USD
TX-5846e96fee,ACC-10266,2026-03-14T10:58:52,BA-61544630,736.88,"Roberts, Jones and Martinez",USD
TX-8635fa4e9b,ACC-10266,2026-05-05T11:30:12,BA-88961498,111.5,Butler Group,USD
TX-6df82ef3d5,ACC-10278,2026-04-23T01:44:54,BA-28463119,665.62,Santiago LLC,USD
TX-13fd2d47bf,ACC-10278,2026-04-04T16:20:28,BA-49068306,1346.34,"Villanueva, Meyer and Huffman",USD
TX-874b125253,ACC-10278,2026-02-10T17:34:55,BA-39277781,1207.52,Graham Inc,USD
TX-d654d67a54,ACC-10278,2026-02-07T23:49:07,BA-97407684,18.65,Richards-Robinson,USD
TX-cacc48658d,ACC-10281,2026-01-18T01:16:30,BA-85496963,388.86,"Bush, Baker and Lozano",USD
TX-7643d5ddad,ACC-10281,2026-05-27T05:33:16,BA-14698329,131.49,King-Bowen,USD
TX-446a0ed471,ACC-10281,2026-01-25T05:13:26,BA-77934076,451.37,Riley Group,USD
TX-73769c560e,ACC-10281,2026-04-16T17:12:51,BA-33032191,637.46,Thomas-Browning,USD
TX-7cc71d8c53,ACC-10282,2026-01-28T03:46:18,BA-87453221,738.21,Erickson LLC,USD
TX-75e055d212,ACC-10282,2026-03-02T18:23:15,BA-80151077,1366.62,Martinez-Olson,USD
TX-acc704ac32,ACC-10282,2026-03-10T08:59:05,BA-91359046,809.62,Benson Inc,USD
TX-400bd3cd7f,ACC-10282,2026-02-10T17:55:22,BA-23288780,995.61,Austin-Herman,USD
TX-579b76e07f,ACC-10282,2026-01-09T16:28:58,BA-41823071,59.92,Castillo-Carrillo,USD
TX-ed7507c870,ACC-10282,2026-01-28T12:13:03,BA-50226291,1284.85,Bennett-Stephens,USD
TX-b765dd254e,ACC-10282,2026-02-11T18:57:53,BA-28013093,905.21,Taylor-Reyes,USD
TX-396444c4f4,ACC-10282,2026-02-11T22:49:09,BA-89427788,541.8,Clark and Sons,USD
TX-52c76bfa9f,ACC-10282,2026-01-25T22:48:59,BA-93525402,635.91,"Grant, Snow and Wilkerson",USD
TX-40bba6c4d4,ACC-10286,2026-02-02T01:28:58,BA-87217700,90.83,Hebert-Carter,USD
TX-b1bc681a74,ACC-10286,2026-05-25T08:32:21,BA-48366253,833.47,Young PLC,USD
TX-e37fb0068a,ACC-10286,2026-04-06T16:50:59,BA-11435415,1443.44,Walker Group,USD
TX-c3cb802c57,ACC-10288,2026-01-07T21:06:42,BA-72150455,1339.28,Frost Inc,USD
TX-723a9949e5,ACC-10288,2026-04-05T19:29:11,BA-17717080,536.84,Vargas Inc,USD
TX-41b3910ed8,ACC-10288,2026-04-30T12:34:43,BA-71787651,496.18,"Moore, Russell and Haas",USD
TX-f74129c309,ACC-10288,2026-03-10T17:15:35,BA-24383316,12.71,Stanton-Rivera,USD
TX-71e67f6733,ACC-10288,2026-05-21T06:47:04,BA-34985664,606.09,Davis PLC,USD
TX-bf1f69c9dd,ACC-10288,2026-01-02T17:18:28,BA-23601326,649.05,"Boyd, Johnson and Harrell",USD
TX-f2e3be379e,ACC-10288,2026-02-08T08:37:25,BA-21374117,796.0,"Miller, Moore and Hernandez",USD
TX-d94ab44edd,ACC-10288,2026-01-30T20:20:37,BA-65125778,190.14,Johnson-Johnson,USD
TX-e43211a2f8,ACC-10288,2026-04-05T15:30:19,BA-10927505,237.67,Nunez-Hawkins,USD
TX-ab822b8394,ACC-10288,2026-05-08T12:08:01,BA-43572518,343.01,Rhodes and Sons,USD
TX-3ddffb8acc,ACC-10289,2026-02-25T07:43:44,BA-15403110,204.85,"Jackson, Woods and Powell",USD
TX-7c974cd005,ACC-10289,2026-03-23T18:15:43,BA-54454724,1351.99,Richards-Simpson,USD
TX-4a55c59883,ACC-10289,2026-02-01T03:06:37,BA-99416497,302.49,"Rice, Brown and Schwartz",USD
TX-2443d78055,ACC-10289,2026-04-04T01:40:35,BA-99287389,1474.48,Mills-Davidson,USD
TX-8d51776201,ACC-10289,2026-01-24T01:36:44,BA-66518457,736.16,Solomon-Olson,USD
TX-738ac3f0e9,ACC-10295,2026-04-18T05:12:35,BA-25985787,260.81,Joseph Ltd,USD
TX-f878d0b7b9,ACC-10295,2026-01-09T20:34:10,BA-81613988,361.13,"Butler, Norris and Chaney",USD
TX-f77b70f67d,ACC-10295,2026-01-08T14:10:32,BA-95847718,226.47,"Nelson, Villegas and Chen",USD
TX-81821b1b32,ACC-10295,2026-02-23T22:26:20,BA-27847118,409.3,"Martin, Higgins and Woods",USD
TX-81b623fe62,ACC-10295,2026-01-11T00:06:01,BA-96223229,1470.14,Mejia-Harris,USD
TX-6cd3886111,ACC-10295,2026-02-10T18:32:32,BA-81752116,178.7,Daniels-Ross,USD
TX-b02d7ae26b,ACC-10297,2026-05-06T17:52:05,BA-47855338,36.47,White-Mcdonald,USD
TX-beeee884e8,ACC-10297,2026-02-01T15:15:21,BA-33855089,1227.16,Greene LLC,USD
TX-d808f42726,ACC-10297,2026-05-14T11:21:41,BA-91580498,285.83,Cannon-Morton,USD
TX-ced00fe3ea,ACC-10297,2026-01-28T20:51:45,BA-19670211,642.46,"Lyons, Morris and Smith",USD
TX-7c288408df,ACC-F0000,2026-05-08T08:30:06,BA-88961459,8346.27,"Hays, Fitzpatrick and Nelson",USD
TX-ed75bdef31,ACC-F0000,2026-03-17T20:19:33,BA-88961459,18172.91,Wilson Ltd,USD
TX-b1be87a668,ACC-F0000,2026-04-03T21:39:17,BA-88961459,3272.52,"Potter, Horton and Becker",USD
TX-4b6f5cfdf7,ACC-F0000,2026-03-25T00:04:33,BA-88961459,4044.36,Smith-West,USD
TX-f3b594f6f2,ACC-F0001,2026-03-12T08:53:56,BA-88961459,23961.59,Ramirez Ltd,USD
TX-500e5a7daf,ACC-F0001,2026-01-22T09:21:56,BA-88961459,22828.37,"Howard, Patel and Lopez",USD
TX-bdf9499150,ACC-F0002,2026-01-30T01:43:58,BA-88961459,12009.24,Green Ltd,USD
TX-5e943ff55d,ACC-F0002,2026-01-28T04:58:15,BA-88961459,12019.52,Wilson Group,USD
TX-84b6b2a17f,ACC-F0002,2026-05-21T07:21:41,BA-88961459,11377.35,Davis-Jones,USD
TX-2c7fb8e1e7,ACC-F0002,2026-05-06T05:12:19,BA-88961459,7525.84,"Bond, Haynes and Hamilton",USD
TX-0d5d611473,ACC-F0002,2026-01-31T06:29:15,BA-88961459,22088.35,Collins-Williams,USD
TX-d00f77879d,ACC-F0002,2026-01-07T05:41:09,BA-88961459,12830.74,"Spence, Moore and Ward",USD
TX-986dbcbb47,ACC-F0002,2026-01-03T02:38:47,BA-88961459,20900.66,Mcclure-Thompson,USD
TX-c7bbaa2c83,ACC-F0002,2026-05-13T00:34:48,BA-88961459,14076.82,Williams and Sons,USD
TX-79c702fd2a,ACC-F0003,2026-05-06T13:35:39,BA-88961459,5270.9,Juarez-Garcia,USD
TX-93cfd50bd1,ACC-F0003,2026-01-22T01:11:05,BA-88961459,2406.31,Henderson LLC,USD
TX-df68955ff3,ACC-F0003,2026-04-28T03:04:11,BA-88961459,1187.2,Gonzalez and Sons,USD
TX-46addc97ba,ACC-F0003,2026-02-24T19:10:46,BA-88961459,13768.41,"Parks, Lee and Kelly",USD
TX-8bd5b92273,ACC-F0003,2026-01-13T16:24:33,BA-88961459,15129.21,Perry-Becker,USD
TX-bfc9d0577e,ACC-F0003,2026-05-27T21:38:43,BA-88961459,5099.72,Lee Group,USD
TX-d488601664,ACC-F0003,2026-02-09T04:06:39,BA-88961459,6388.21,"Hart, Lopez and Johnson",USD
TX-dfe94821a7,ACC-F0004,2026-05-21T21:57:06,BA-88961459,24359.34,Roach Group,USD
TX-62dd11264c,ACC-F0004,2026-05-17T10:37:05,BA-88961459,8617.3,Cook and Sons,USD
TX-bbd32e5d68,ACC-F0004,2026-05-24T23:24:49,BA-88961459,12803.34,Suarez Inc,USD
TX-92b24a838b,ACC-F0004,2026-05-31T12:02:32,BA-88961459,1080.29,Wagner PLC,USD
TX-b1679bcc7d,ACC-F0004,2026-03-16T04:46:11,BA-88961459,14865.78,"Morales, Estes and Mason",USD
TX-d2adc70a9b,ACC-F0004,2026-01-08T06:20:06,BA-88961459,4449.96,"Wood, Ryan and Reese",USD
TX-68850bb7ce,ACC-F0004,2026-05-13T12:05:35,BA-88961459,2429.45,Jones Group,USD
TX-9a37bf7bb8,ACC-F0004,2026-05-02T13:09:04,BA-88961459,23844.05,Mcintyre Inc,USD
TX-d701015491,ACC-F0005,2026-01-28T16:40:08,BA-88961459,13904.83,Leon-Valentine,USD
TX-01b3f9a067,ACC-F0005,2026-01-17T22:13:51,BA-88961459,2805.79,Gordon-Thompson,USD
TX-321cbc9be8,ACC-F0100,2026-04-09T05:51:45,BA-19046318,6939.27,White Ltd,USD
TX-5e93fd9960,ACC-F0100,2026-05-13T12:56:22,BA-19046318,15705.04,Lewis LLC,USD
TX-9c6e676de6,ACC-F0100,2026-05-06T00:38:12,BA-19046318,18655.54,"Robinson, Parker and Keller",USD
TX-607f8e3371,ACC-F0100,2026-02-17T12:55:44,BA-19046318,4286.77,"Lopez, Moran and Griffin",USD
TX-ad0d867dbf,ACC-F0100,2026-01-21T10:43:27,BA-19046318,9707.63,"Carroll, Joseph and Carlson",USD
TX-c6043f28cf,ACC-F0100,2026-04-21T17:00:56,BA-19046318,21418.82,Kelly-Kim,USD
TX-d73a3a8911,ACC-F0100,2026-02-13T07:29:39,BA-19046318,21916.89,Pierce-Murillo,USD
TX-4296489e5e,ACC-F0100,2026-05-10T22:28:03,BA-19046318,9048.98,Reed Inc,USD
TX-b4eb5aa5fe,ACC-F0101,2026-01-17T05:33:49,BA-19046318,2196.85,Clarke and Sons,USD
TX-53c701410c,ACC-F0101,2026-03-20T15:45:21,BA-19046318,7809.25,Fitzgerald-Hernandez,USD
TX-24a0022f6f,ACC-F0101,2026-05-19T07:07:25,BA-19046318,21846.58,Johnston PLC,USD
TX-509b43c534,ACC-F0101,2026-04-12T21:38:32,BA-19046318,16906.29,"Howard, Garcia and Wilson",USD
TX-85cf2e7af0,ACC-F0102,2026-01-03T18:06:54,BA-19046318,22464.28,Martinez-Nguyen,USD
TX-381326213d,ACC-F0102,2026-01-29T15:20:14,BA-19046318,21675.38,Velazquez-Flynn,USD
TX-9a00ce1793,ACC-F0102,2026-01-23T01:26:47,BA-19046318,6938.67,Fox Inc,USD
TX-6ec31bdf9a,ACC-F0102,2026-05-21T06:05:48,BA-19046318,24711.85,Young-Snyder,USD
TX-ea5591ba3c,ACC-F0102,2026-01-25T09:53:04,BA-19046318,16153.45,Holder Inc,USD
TX-50abd2c75d,ACC-F0102,2026-04-23T07:25:56,BA-19046318,1393.91,Campbell-Frank,USD
TX-906b4d790a,ACC-F0102,2026-05-25T19:14:56,BA-19046318,10794.31,"Hamilton, Carson and Hill",USD
TX-fe7713b71a,ACC-F0103,2026-01-21T03:09:42,BA-19046318,18873.62,Jones PLC,USD
TX-79d3053b5e,ACC-F0103,2026-05-02T03:14:18,BA-19046318,16021.37,Brown Inc,USD
TX-dac563ba74,ACC-F0103,2026-04-08T17:50:04,BA-19046318,16858.9,"Pham, Henderson and Colon",USD
TX-0c2ee98108,ACC-F0103,2026-03-23T16:19:42,BA-19046318,5960.54,Sanchez-Kim,USD
TX-7cdcaca74d,ACC-F0103,2026-03-30T06:43:43,BA-19046318,3305.28,Wolfe LLC,USD
TX-c093ec6221,ACC-F0103,2026-04-02T04:22:28,BA-19046318,9090.04,"Johnston, Kirby and Palmer",USD
TX-d4530d94d9,ACC-F0103,2026-04-01T02:09:01,BA-19046318,22745.84,Barber-Livingston,USD
TX-eaa8da9dc2,ACC-F0103,2026-05-06T05:15:45,BA-19046318,686.33,"Williams, Brock and Olson",USD
TX-d8fc3c2984,ACC-F0200,2026-01-26T00:34:47,BA-99788677,24445.21,Stark-Ellis,USD
TX-0f3f0b24e1,ACC-F0200,2026-02-03T17:34:52,BA-99788677,22652.2,Harper Ltd,USD
TX-8351e89c82,ACC-F0200,2026-04-11T10:41:09,BA-75151231,11216.34,"Duncan, Evans and Nunez",USD
TX-2e8c6ccb42,ACC-F0200,2026-01-20T08:04:00,BA-75151231,12854.3,Barker PLC,USD
TX-fe098522e2,ACC-F0200,2026-05-03T14:43:43,BA-99788677,21154.25,Howard LLC,USD
TX-4b8ed22b54,ACC-F0200,2026-05-02T19:30:55,BA-99788677,21014.78,"Fernandez, Mendez and Buckley",USD
TX-231a35e73b,ACC-F0200,2026-01-31T21:14:29,BA-99788677,5492.18,"Daniel, Powers and Baker",USD
TX-d0bb3d7127,ACC-F0200,2026-01-19T02:38:53,BA-75151231,11216.82,"Taylor, Murphy and Martin",USD
TX-55e7e0db7d,ACC-F0201,2026-02-10T20:03:00,BA-99788677,9693.73,Miller-Dominguez,USD
TX-ca55e7e39e,ACC-F0201,2026-03-02T21:24:42,BA-99788677,20309.45,Hill Group,USD
TX-670fb40556,ACC-F0201,2026-02-04T21:57:31,BA-99788677,748.44,"Allen, Cruz and Maldonado",USD
TX-16cc6228b2,ACC-F0202,2026-04-11T14:01:52,BA-75151231,5799.51,"Gilbert, May and Washington",USD
TX-caf157568c,ACC-F0202,2026-03-12T20:30:49,BA-75151231,22515.02,Schmidt Ltd,USD
TX-a2dbd9a1eb,ACC-F0203,2026-04-01T16:34:53,BA-99788677,11183.52,Brown Inc,USD
TX-99654a1f74,ACC-F0203,2026-03-19T15:51:55,BA-75151231,6627.28,"Ramirez, Stone and Johnson",USD
TX-22c5aa28fc,ACC-F0203,2026-02-08T10:10:15,BA-99788677,24065.85,"King, Beltran and Edwards",USD
TX-4eb2b65b49,ACC-F0203,2026-01-20T23:31:24,BA-99788677,4558.5,Ward-Cohen,USD
TX-0367a31ed2,ACC-F0203,2026-02-09T23:14:44,BA-99788677,11120.06,Roberts Ltd,USD
TX-b76651923e,ACC-F0203,2026-03-28T15:14:44,BA-99788677,15110.08,Hernandez and Sons,USD
TX-dabffe810e,ACC-F0204,2026-02-17T15:15:55,BA-75151231,5772.01,Johnson-Roberts,USD
TX-fcb76099bd,ACC-F0204,2026-03-14T04:03:45,BA-99788677,4053.47,Espinoza Ltd,USD
TX-9e4aea2f1e,ACC-F0204,2026-03-03T01:27:24,BA-75151231,736.01,Martin-Hall,USD
TX-32e2139410,ACC-F0204,2026-05-14T15:40:30,BA-75151231,18061.66,Smith PLC,USD
TX-37407d9652,ACC-F0204,2026-02-11T12:15:06,BA-99788677,14403.0,Jimenez-Watson,USD
TX-c3b3bc792b,ACC-F0204,2026-03-04T10:35:02,BA-75151231,14260.19,"Brown, Williams and Thompson",USD
TX-b26c94c038,ACC-F0204,2026-03-16T20:59:01,BA-99788677,15244.15,"Jordan, Alvarez and Mitchell",USD
TX-bdd64eda27,ACC-F0300,2026-05-21T10:36:23,BA-73481353,7229.5,"Rice, Carter and Reyes",USD
TX-22fa87042e,ACC-F0300,2026-05-27T08:27:38,BA-73481353,10308.44,Wilson-Sweeney,USD
TX-c9eec389d2,ACC-F0300,2026-04-19T01:14:45,BA-73481353,12598.56,Mitchell PLC,USD
TX-c5118c3c16,ACC-F0300,2026-01-10T03:22:30,BA-73481353,7811.87,Baker Group,USD
TX-5aefd53aa8,ACC-F0300,2026-03-30T06:30:16,BA-73481353,21292.47,Prince-Austin,USD
TX-0356d05a2b,ACC-F0300,2026-01-24T13:49:31,BA-73481353,23473.74,Mack Group,USD
TX-e569922f2d,ACC-F0300,2026-01-20T22:49:11,BA-73481353,5988.35,Bradley Group,USD
TX-589f95a494,ACC-F0300,2026-01-03T00:26:56,BA-73481353,3075.82,Nguyen-Fitzgerald,USD
TX-c896208003,ACC-F0301,2026-04-12T07:35:42,BA-73481353,14658.18,"Hall, Sims and Ferguson",USD
TX-25b7f686b5,ACC-F0301,2026-05-09T09:44:12,BA-73481353,24420.56,Martin-Wong,USD
TX-106bb1e53c,ACC-F0301,2026-03-04T12:12:56,BA-73481353,6032.85,Edwards-Sweeney,USD
TX-65cbdc1f52,ACC-F0302,2026-01-21T12:24:48,BA-73481353,5860.23,Kim Group,USD
TX-554ffcdea6,ACC-F0302,2026-03-12T14:42:10,BA-73481353,24389.08,Flores-Sherman,USD
TX-9cc4f6b630,ACC-F0302,2026-05-01T11:38:14,BA-73481353,19610.52,Garcia-Sims,USD
TX-5a5ecefcd5,ACC-F0302,2026-02-06T11:55:36,BA-73481353,7307.04,Shaw Ltd,USD
TX-4dbff3c6e4,ACC-F0302,2026-02-01T21:12:37,BA-73481353,23811.62,"Smith, Sparks and Johnson",USD
TX-a3c70fb3dc,ACC-F0302,2026-04-23T02:08:38,BA-73481353,4108.6,Walter Inc,USD
TX-973cb847f7,ACC-F0302,2026-01-21T19:27:51,BA-73481353,6393.78,Allen Ltd,USD
TX-68bdda620f,ACC-F0302,2026-03-31T11:42:06,BA-73481353,7035.54,"Jackson, Wilson and Summers",USD
TX-4b16970f70,ACC-F0302,2026-04-03T11:26:28,BA-73481353,9122.94,"Smith, Sexton and Miller",USD
TX-824203f96a,ACC-F0302,2026-01-23T23:26:24,BA-73481353,9183.46,"Nicholson, Wright and Cobb",USD
TX-99b159234c,ACC-F0303,2026-05-06T12:11:07,BA-73481353,23994.81,Larsen-Smith,USD
TX-737f188f48,ACC-F0303,2026-02-12T15:18:57,BA-73481353,1801.88,"Campos, Moore and Dudley",USD
TX-5fa6a4bc01,ACC-F0304,2026-02-12T16:45:13,BA-73481353,12631.71,"Welch, Poole and Bennett",USD
TX-3e1b63a42a,ACC-F0304,2026-02-03T05:03:12,BA-73481353,9017.01,Harris-Brooks,USD
TX-1a4e2ec890,ACC-F0304,2026-02-25T22:08:33,BA-73481353,18480.12,"Garrison, Booker and King",USD
TX-5db11a574e,ACC-F0305,2026-03-06T20:48:18,BA-73481353,4849.12,Nolan-Scott,USD
TX-dc7e0918cc,ACC-F0305,2026-02-21T05:32:49,BA-73481353,4682.77,Ramirez LLC,USD
TX-4fb924b258,ACC-F0305,2026-05-28T15:04:18,BA-73481353,15053.13,Evans-Miller,USD
TX-2a1e50e60f,ACC-F0305,2026-04-03T00:12:30,BA-73481353,12463.53,Mullen and Sons,USD
TX-c93573ec55,ACC-F0305,2026-02-18T01:28:55,BA-73481353,3179.96,Diaz-Jones,USD
TX-b4d4577241,ACC-F0305,2026-01-04T09:02:49,BA-73481353,20966.3,Reese-Miller,USD
TX-f0fad569bb,ACC-F0305,2026-04-12T23:55:54,BA-73481353,18997.32,"Jenkins, Lee and Vaughn",USD
TX-263f1b7f65,ACC-F0305,2026-05-31T12:57:26,BA-73481353,2949.82,Gonzalez-Hunt,USD
TX-bf1996548f,ACC-F0306,2026-05-05T00:42:54,BA-73481353,24153.6,"Taylor, Collins and Gomez",USD
TX-a7db811001,ACC-F0306,2026-05-02T17:31:37,BA-73481353,24689.63,"Johnson, Nelson and Noble",USD
TX-3fd017811a,ACC-F0306,2026-04-13T07:33:50,BA-73481353,7000.08,"Johnson, King and Adams",USD
TX-af33d6757f,ACC-F0306,2026-05-12T20:40:43,BA-73481353,22255.88,Ortega-Davis,USD
TX-6a1a0473c3,ACC-F0306,2026-03-17T22:18:51,BA-73481353,23659.03,Pierce-Schmidt,USD
TX-6227cd4f22,ACC-F0306,2026-02-23T15:24:17,BA-73481353,5169.03,"Medina, Jones and Santos",USD
TX-d59b95b200,ACC-F0306,2026-04-23T12:44:39,BA-73481353,20937.2,Mitchell-Kelley,USD
TX-35ff9bf13f,ACC-F0306,2026-01-24T21:02:27,BA-73481353,19985.66,Ross Group,USD
TX-e449e3d2fe,ACC-F0400,2026-02-18T07:09:31,BA-72682989,10852.8,Lucas PLC,USD
TX-630d692e3f,ACC-F0400,2026-01-20T01:21:34,BA-72682989,23044.76,Hendricks-Rivers,USD
TX-b31b1fa0d5,ACC-F0400,2026-04-26T22:24:08,BA-72682989,4745.9,Stuart PLC,USD
TX-d6f4c6f009,ACC-F0400,2026-03-26T15:03:03,BA-72682989,20207.32,"Higgins, Levy and Roberts",USD
TX-55b2272e03,ACC-F0400,2026-01-28T00:36:31,BA-17270733,6625.5,Hull-Garcia,USD
TX-aca5c9f684,ACC-F0400,2026-03-22T20:09:21,BA-17270733,7876.03,Rodriguez-Riddle,USD
TX-eaeb149950,ACC-F0400,2026-01-17T14:54:54,BA-72682989,14383.29,Young LLC,USD
TX-7004c2b106,ACC-F0401,2026-05-29T03:49:00,BA-72682989,21060.35,"Dennis, Smith and Burton",USD
TX-665785ab46,ACC-F0401,2026-01-17T10:32:23,BA-17270733,7119.28,"Figueroa, Marks and Holder",USD
TX-ff5f10cd03,ACC-F0401,2026-05-07T04:39:36,BA-17270733,8670.34,"Burton, Allen and Brown",USD
TX-c789325c0a,ACC-F0401,2026-01-19T21:54:45,BA-72682989,14353.36,"Marshall, Fuller and Robinson",USD
TX-afc6c35bff,ACC-F0401,2026-05-15T02:23:46,BA-72682989,21675.7,Burton-Fox,USD
TX-3e95f61fad,ACC-F0401,2026-01-24T13:57:50,BA-17270733,17688.53,Rodgers-Anderson,USD
TX-964387b474,ACC-F0401,2026-04-11T05:57:53,BA-17270733,14270.21,"Thompson, Rogers and Schmidt",USD
TX-ff17b4861d,ACC-F0401,2026-04-07T04:17:13,BA-17270733,5976.82,Miller Ltd,USD
TX-14c0f3f2e7,ACC-F0401,2026-05-12T04:54:02,BA-17270733,7871.86,"Davenport, Santos and Martin",USD
TX-a3c3ec3738,ACC-F0402,2026-05-08T19:14:41,BA-17270733,11092.67,Tapia Ltd,USD
TX-82d8344c53,ACC-F0402,2026-05-04T12:53:37,BA-17270733,5027.79,"Macias, Morgan and Parks",USD
TX-234a7fd94f,ACC-F0402,2026-05-25T14:04:49,BA-17270733,4684.0,"Green, Peck and Allison",USD
TX-10616ed54a,ACC-F0402,2026-05-25T00:24:29,BA-17270733,12165.88,Gray PLC,USD
TX-05b939f588,ACC-F0402,2026-02-26T07:39:59,BA-72682989,16854.62,Rodriguez and Sons,USD
TX-a121af95ae,ACC-F0402,2026-04-25T07:50:17,BA-72682989,9499.82,"Harrell, Matthews and King",USD
TX-9f3e9d0011,ACC-F0402,2026-02-23T10:26:16,BA-72682989,9952.61,"Owens, Brown and Cruz",USD
TX-5b59f256ec,ACC-F0402,2026-01-21T20:13:16,BA-72682989,10713.96,"Carr, Higgins and Clark",USD
TX-017c75f429,ACC-F0402,2026-03-24T11:51:54,BA-17270733,1185.28,Martin Group,USD
TX-c71da33f6b,ACC-F0403,2026-01-14T05:52:55,BA-72682989,9724.81,Hodges Ltd,USD
TX-a043fa5d35,ACC-F0403,2026-04-02T14:31:30,BA-17270733,14612.95,"Crane, Dunn and Moore",USD
TX-ec2a2c53e5,ACC-F0403,2026-04-09T10:41:56,BA-72682989,3670.84,"Elliott, Miller and Pittman",USD
TX-4c987eac67,ACC-F0403,2026-03-04T22:18:23,BA-72682989,14820.08,Ware Ltd,USD
TX-22919f0326,ACC-F0403,2026-03-20T09:43:21,BA-17270733,1600.76,Smith-Young,USD
TX-14520d76b9,ACC-F0403,2026-05-23T07:27:24,BA-17270733,6176.76,"Turner, Little and Morris",USD
TX-5efebe5775,ACC-F0403,2026-05-10T04:20:27,BA-17270733,12736.13,Cox Group,USD
TX-c6602a2fee,ACC-F0403,2026-05-12T21:52:16,BA-72682989,8429.65,"Wilson, Davis and Miller",USD
TX-2df351d52c,ACC-F0404,2026-02-08T18:49:47,BA-17270733,6686.13,Alvarez-Murphy,USD
TX-715ad15946,ACC-F0404,2026-03-26T22:58:01,BA-72682989,6024.67,Evans-Johnson,USD
TX-0d46b9d243,ACC-F0404,2026-05-25T02:41:16,BA-17270733,11134.54,"Miller, Robertson and White",USD
TX-959afbc090,ACC-F0404,2026-04-13T15:07:32,BA-17270733,2607.45,Harvey LLC,USD
TX-79236e7983,ACC-F0404,2026-01-05T16:58:50,BA-17270733,5486.72,Farley-Fischer,USD
TX-4c8678da97,ACC-F0404,2026-01-28T07:04:08,BA-17270733,9309.24,White-Preston,USD
TX-58fc6114cc,ACC-F0404,2026-03-21T05:32:43,BA-17270733,8847.43,Brooks-Hooper,USD
TX-21f99c5f18,ACC-F0404,2026-05-13T12:02:01,BA-72682989,5158.35,Garcia Ltd,USD
TX-32f119a3bf,ACC-F0404,2026-02-10T06:54:09,BA-72682989,12770.83,"Banks, Maxwell and Eaton",USD
TX-9c96b2d8de,ACC-F0404,2026-03-11T05:20:29,BA-17270733,20139.1,Suarez-Bell,USD
TX-c097ad167e,ACC-F0405,2026-02-08T22:27:00,BA-72682989,22256.69,Ramirez-Russell,USD
TX-67e43b1817,ACC-F0405,2026-01-12T12:47:11,BA-17270733,5503.72,Hines-Alexander,USD
TX-6cc6af63f2,ACC-F0405,2026-05-23T12:05:40,BA-72682989,23142.27,Wilcox-Harris,USD
TX-164155ed58,ACC-F0405,2026-05-09T19:22:13,BA-17270733,6272.62,Garcia-Phillips,USD
TX-cf88665ffc,ACC-F0405,2026-01-15T03:47:38,BA-17270733,8973.22,Jones-Lucero,USD
TX-c2282e3a5a,ACC-F0405,2026-01-14T17:46:47,BA-72682989,15154.62,Davis Group,USD
TX-9a33610751,ACC-F0406,2026-04-21T07:17:54,BA-17270733,24778.0,White and Sons,USD
TX-6b01f0fad6,ACC-F0406,2026-01-03T21:25:56,BA-17270733,20409.24,Anderson PLC,USD
TX-c134492dea,ACC-F0406,2026-01-15T21:02:10,BA-17270733,3604.54,Ross Inc,USD
TX-a9050a5853,ACC-F0406,2026-02-05T01:37:35,BA-72682989,1571.13,Norton LLC,USD
TX-a235a2d01f,ACC-F0406,2026-03-09T21:34:06,BA-17270733,24953.18,"Fuentes, Ayala and Stein",USD
TX-04f4f1bd9e,ACC-F0406,2026-01-26T04:31:17,BA-72682989,12228.18,"Kemp, Perez and Simpson",USD
TX-77091349c6,ACC-F0406,2026-01-24T18:18:54,BA-17270733,2371.26,Torres and Sons,USD
TX-fd37961f71,ACC-F0406,2026-04-16T13:34:29,BA-17270733,12625.77,Jones-Hammond,USD
TX-d9d9837cd7,ACC-F0406,2026-05-23T18:22:01,BA-72682989,22492.18,Atkinson-Black,USD
TX-d10a54fbd6,ACC-F0406,2026-02-12T18:36:47,BA-72682989,17971.78,"Warren, Newman and Miller",USD
